Policy_ID,Customer_Age,Gender,Policy_Type,Annual_Income,Claim_History,Fraudulent_Claim,Premium_Amount,Claim_Amount,Risk_Score
96188d20-f207-49f7-87ed-232f2ce28698,78,1,3,199404.48,9,1,4938.65,1548.65,2
b10dbc6c-34e7-4077-97b1-e6edbe7df5b8,59,0,1,176640.64,10,0,965.64,1871.59,0
9d706bed-1286-483c-bbe6-7fe428503b5d,67,0,2,32602.94,10,0,3443.19,8890.63,2
bf439a80-eaa1-4ed9-a4ac-b72e6f24a59b,47,0,2,46505.87,0,1,1406.77,7506.02,2
42e65625-d1af-41f4-aad7-47c0b9b1a577,73,0,0,124234.15,6,1,3571.81,2929.9,2
3089f086-37e5-4e0c-b8ee-4dbdc07f15f8,31,2,3,23411.02,2,0,4029.53,2550.55,2
0e5f878a-db7b-458d-b12e-910c8cc23807,63,0,0,61738.94,10,0,1778.47,5384.31,0
ab8fdbcd-9e08-450c-a6ec-172fb3b2cba6,63,2,1,63476.02,8,1,4298.48,4636.33,0
d140d331-293d-49b9-816d-f4d76c461aa3,55,0,2,47552.7,10,0,600.39,4579.87,1
c2833b07-1a5f-4a93-a3b1-183637f4dbf0,29,2,3,97456.48,1,1,578.53,2401.76,0
aa0244cd-19a2-4139-be3f-a870b6c5f5f3,42,2,1,75663.69,6,1,3105.46,6298.33,2
56ecd4f7-6a4a-47da-a1bd-13cab07f3433,48,1,0,26596.38,8,1,4873.07,5065.72,2
5651a56c-53a7-43bc-a877-6f40b5830406,49,0,1,181728.83,5,0,905.07,2183.39,0
549b6b95-ce4c-4e0a-b0fd-5fcdd5dc10e5,22,2,1,26428.12,7,1,516.1,1520.87,2
b9e9ab94-e8e8-4d8e-a09a-202fe0adea43,55,1,2,92800.62,6,0,4078.22,7096.59,1
613feb0c-0ff1-4fe1-b460-9e62d954c10f,32,2,0,34795.53,7,0,4748.15,6412.88,2
ec5d4a40-7e9b-48cf-a29d-9cdf54bb7726,67,1,3,45717.3,0,1,3045.97,4669.02,2
fccdb126-73e6-4552-849e-3fec05bc2a82,57,1,0,71103.91,4,1,4442.65,2825.26,0
620f4f5f-6c46-4f59-b672-af883a622d8f,59,0,2,157426.64,9,0,1661.2,6898.51,1
73589133-a84a-46ad-8a78-03ef627fa237,71,1,3,121129.63,4,1,1626.9,6526.61,0
550c3456-cf2d-4889-9183-ea397160c602,44,2,3,157420.36,2,0,4693.22,3311.26,0
1974a812-abb2-439c-a9f7-e64317568790,60,2,3,102388.07,10,1,1039.67,4271.31,2
ca7d4a1a-5af9-4ec0-9e29-41b0fe2a9661,60,0,0,176992.39,3,0,3121.15,2848.46,2
85cd8c2b-e6af-4f58-ae33-f230391d7441,42,1,3,85577.39,3,0,2992.84,1653.85,0
f612b948-27ee-46ee-bc9d-efec47f455a5,42,2,2,149813.84,0,0,554.84,1231.07,2
064b1160-9b5a-4086-906c-98ef4202b6e0,29,2,3,116186.11,1,1,950.37,2990.95,1
7062abd8-0c76-4484-b638-2d82b0da6c61,80,1,3,154131.17,3,1,1792.99,5530.89,0
d29d2818-6f1f-4814-986d-2fb51d248ffc,41,2,2,47106.22,10,1,839.91,1026.38,0
c2a8778f-a5d6-463a-b4d6-4151b820ff2d,37,2,1,161750.39,6,0,1539.8,5239.45,0
6995dbf7-46a4-4a49-9f81-99f30ac3f244,39,0,0,62803.21,5,0,1391.0,6999.7,2
5442a978-d5e4-4c06-a988-42cd911ab783,48,2,0,78851.7,1,0,2275.05,4130.7,2
a78a1f80-f842-4c16-8727-4e5aa7047d4d,55,0,1,169414.53,5,1,2910.68,6804.22,0
74c5d048-1a8e-423e-b404-d78894f50fe5,46,2,0,91858.46,4,0,2628.24,7893.87,2
f8008809-d049-40d0-95ee-c3d40579e1fc,44,2,2,50373.72,9,0,3972.65,4825.78,2
2160eb52-fc8d-4daa-a54e-39d123c8f570,23,1,3,112013.81,10,0,4073.26,6407.15,1
2c3dcab0-3097-4b84-b37f-f4862249860e,76,0,1,153318.08,8,0,3363.1,9970.55,1
025a089f-35eb-4101-8897-8f8686b486b7,56,0,0,30795.26,9,0,2038.78,6675.9,2
23be7dc3-17a7-40a1-bcd4-88fa4e411202,44,2,2,189404.31,6,0,3609.17,9753.61,2
075bc20e-6032-4c36-b415-eafcf2e9cec8,28,0,3,21263.52,1,0,2723.96,4516.27,2
d21673ba-cfd2-4708-ad6f-828036c30d23,33,0,2,21491.62,5,0,1550.43,1067.0,2
102bb153-d202-4f5c-80e3-c60721b91813,68,0,2,157456.27,4,0,4219.53,9878.4,1
b24351e1-8584-497f-a41a-1d607349e75b,65,1,3,187376.54,4,1,3047.7,817.0,2
9afe695b-23f0-4d13-b711-77806d727a2c,71,2,1,190530.65,2,1,794.09,8498.92,2
66ef38e9-680b-4657-9adf-e875bee7f5bd,33,2,3,45020.85,6,0,2166.61,8473.01,1
497daf46-533b-49b6-8d54-5e6c4596873d,72,1,3,50712.52,6,1,4829.93,6664.93,1
029389ea-d33f-469c-a256-6778f8d94269,22,2,3,138838.18,1,0,2007.31,5475.91,2
c3303021-619d-46fd-88c2-f6b514c2e1ce,54,2,1,116397.32,1,1,1390.77,6703.17,1
1dba35ea-7d1a-430c-be14-8a19fa65b7a9,75,0,1,130363.64,0,1,2328.51,9913.93,1
13875cc8-af27-42cf-9046-32845bd9c56d,79,0,0,65933.3,1,0,3873.83,5684.51,2
cdb569c6-69f7-4bdf-8ad0-a7b93bcdd173,31,1,3,60313.55,1,0,1855.14,2346.28,0
32a2f62c-e5ef-4ba1-a414-f7857c1b435a,46,0,3,75407.61,7,1,3948.38,1300.27,1
8e1e4c4a-35b3-4f00-9366-b388d7457600,71,1,2,81657.07,2,1,4493.62,5793.32,0
cdb73af7-5080-4af7-a167-5a240f27947c,80,1,3,138320.78,5,1,2685.77,8373.48,1
ad729ef6-df85-49e0-ac70-ce63e067b599,31,2,3,94814.27,10,1,2567.97,8096.94,2
f5b03098-9a06-49a6-8676-d5badfe6800f,68,2,2,87790.06,2,1,633.76,1443.02,2
450d48fc-fd07-40d9-8150-d448b08deaf0,73,0,1,190546.06,5,0,510.35,6734.37,2
e5346188-cd37-4e98-9677-4f97b6ca7f56,56,1,3,24161.75,3,0,4457.88,602.0,1
3b2c71ab-a043-4eb8-853f-9849cdf4c88d,55,0,3,39880.89,4,0,1908.37,3933.58,0
8b6aa698-4c4e-49c4-9513-ee7013ecf739,53,1,1,174949.66,5,0,761.38,3249.08,0
7b09857f-e3be-4965-9bb0-8518e439c17a,50,2,0,131143.04,0,1,2238.86,4154.42,0
78959d9f-ce16-43e2-b7ae-9ddb604e4a06,42,0,1,182716.15,2,1,2335.67,9783.43,0
ada62e9e-a7a7-4879-a575-823e8c4f6351,37,0,0,45476.66,2,0,2596.34,8851.28,0
6229b31d-ccdd-4480-a72a-9c1c25968fe6,38,1,3,52917.19,9,1,1654.37,3631.75,0
1d2d3b69-f978-49be-9881-9fa37e5fcabf,37,2,1,183584.67,1,1,3287.59,1407.78,0
f184e22e-7f6b-4aa2-99a1-b1360f00bb13,76,2,0,28406.97,10,1,3828.6,7628.6,1
ad44446c-dc93-4dec-835d-35e0bef731e2,49,0,1,179537.69,3,1,1304.08,6475.07,2
69fc8845-359d-41ad-832b-f546b4c506b5,66,1,3,87010.37,6,0,3041.53,4456.92,1
b7b1b6e5-b585-4421-896c-a13e6756b770,38,0,3,75700.65,1,1,2788.95,7531.89,2
d56ac823-b820-4f53-87b7-f809f7946f75,71,1,1,162276.31,0,1,755.98,7941.91,1
32a6824b-fa55-46f8-becc-946adbf642a2,60,0,3,104193.78,1,0,3775.59,1556.72,0
77ea3525-dd20-452c-89ea-3db63095eaaf,61,2,1,183089.75,6,0,2008.71,1368.76,2
28686c90-9b6e-4560-9c5b-4ad483181c84,25,2,2,32766.83,5,1,3075.73,1327.43,1
666873d8-eab9-431a-ad1f-d312ca79ad11,76,0,3,132058.54,5,1,1788.97,2996.8,2
a2320969-33d5-4845-a1e9-a65d54efaf11,49,1,0,66036.85,4,0,1434.71,2333.13,2
ec2e798a-47f5-48b4-874c-ed02f86c88f2,51,0,1,97749.57,3,0,1881.08,5670.47,2
28fd75ac-a82f-4584-a128-8a4a25e8a1b1,66,0,1,27846.09,8,1,2370.42,4883.39,0
cc2d8d68-4192-4957-9d48-ee6295995e56,27,0,0,158762.26,7,0,3247.09,3134.19,1
71a68efa-2c1e-4b9f-8950-5e7a47051a4b,67,0,3,106602.65,2,0,4735.46,7272.48,0
9658833c-436a-4f15-b599-f1cd3045ded1,30,2,0,190605.17,2,0,2131.03,2279.16,1
c19e4479-19c5-4fd9-bfed-063d49c5176b,66,2,2,185573.54,8,1,3951.42,8520.07,0
17d7c569-d598-45e7-863a-f21f70dc4bf0,78,0,2,107941.44,8,0,1756.87,2633.61,2
8f64e769-762c-4e4d-9a22-b5ca40bbac77,54,2,2,49039.23,6,1,1831.35,1168.36,0
1230e53f-5919-4507-b66d-6e3eabb5b5d9,41,0,2,104629.38,6,1,2573.23,9503.98,2
c71bea62-d328-4969-bdcb-1591bc6f2d32,69,2,2,96406.61,2,1,1108.4,9781.89,1
219fa971-003a-40f8-8067-600c9885f22a,49,1,3,118485.4,8,1,3899.92,6142.13,2
93c03a7b-d9d0-4ea7-972e-c611cc996f1c,75,1,3,167481.43,9,0,4799.48,9056.56,1
ef03c2f3-e2fa-4bc9-97f7-f5813a5a8e2c,37,1,2,144710.39,3,1,852.69,6695.42,1
6d9f51ff-9edc-476a-8212-175f07524065,63,1,1,45996.54,1,0,1269.29,534.78,1
65760c8b-56d4-4ad0-aba6-9de272a84e23,35,0,0,79238.44,4,1,1516.34,7199.71,1
a68e10f2-47d8-40a0-91ff-8e5ecb8d1199,22,0,3,115009.15,3,0,4465.54,3856.51,2
a74821ec-dd4e-4cf9-b471-52d52cf2098b,50,0,2,81187.91,9,1,3987.02,2046.36,0
f702cbce-2cac-4a7f-8b96-0e58f12de236,72,1,1,124178.06,4,0,1411.83,4001.9,1
78ecf35f-714e-4c9c-8345-080a4aa1911d,43,2,0,164555.95,2,1,4240.18,1921.63,2
9945da58-1029-49e1-805e-00f261d0b737,54,0,3,116558.75,4,1,2016.45,6080.43,1
5abc7f24-9f26-435d-a5c6-bc10a6aa1211,69,0,3,35836.04,7,0,1838.4,9509.25,2
755ba698-25e5-4147-8735-4fff3929a237,40,2,2,95056.73,0,0,3102.23,5894.57,0
b2ebad86-1e04-484e-b071-38de972560ee,63,1,0,28511.12,9,1,2517.69,8273.22,2
d5537e9c-9363-4445-a74f-bb4149f78585,37,2,1,186675.0,0,1,4222.08,8881.89,1
a8f845ff-29f9-4201-84c1-59343fb87b4a,20,0,2,102458.53,10,0,1942.61,4242.53,0
23a03daa-f733-47ff-9083-1e9b87f4b41a,49,2,0,29530.65,9,0,3052.1,359.75,1
f389b5e6-4b86-429f-8016-6356123d87ba,55,0,0,142593.22,4,1,3569.32,7961.62,1
b0d45c8f-335f-4031-9c4f-859903b5a284,50,2,3,135010.15,0,1,1577.78,1747.26,1
b16ae690-4711-4dc6-9e36-10106814858e,74,2,0,145313.48,7,0,4271.33,6749.54,1
04574140-b8ce-4698-8845-6d214be8b25a,61,1,0,111880.45,2,0,3954.68,588.25,0
d7f21297-6339-4449-83f4-137684c4c5a2,39,1,0,59688.47,0,0,1772.35,7762.21,2
2799b9ef-31ef-4a23-b0d1-bac2adc8c2b8,79,1,0,50643.77,10,0,4426.33,4896.89,0
207c8fef-5c5b-42d2-bdc0-cccf2599a8c5,25,0,3,99976.84,10,1,1315.69,2987.41,0
bd8dc565-7c2e-4201-b7ca-d06a725c2e06,75,0,2,78656.95,0,0,3940.45,2007.13,1
a0405b1d-0d1f-4c22-a0ef-96bf2394d83a,29,1,0,116905.94,4,0,4101.62,8910.84,0
e5bc06e5-3e3b-4b2e-bde8-121a0e690044,69,1,0,53294.38,2,0,2937.65,2251.67,2
4e73417b-189c-4d8a-b7f1-0b3a737b8e52,58,2,2,162940.7,9,0,3626.8,4385.47,2
568a0748-68c4-4d53-9439-cd5b263443a5,33,1,1,149489.15,8,1,3176.65,6955.83,2
4dfa3b56-4917-4d02-aeb0-6ad3d08c8898,62,0,1,49776.18,6,1,3709.83,2108.01,0
ae5dcb2c-f753-484d-ab1c-4a7400378eed,47,2,0,48897.99,5,0,4329.69,8669.18,0
cc2faa02-d079-4fc4-8497-8dd8e41e0687,78,0,2,22592.99,10,0,1282.39,2790.36,2
d6c0ed8f-c0ea-4584-a6ca-ec041cf4a6b1,52,2,0,79867.22,0,0,1031.63,8568.34,2
1eb9bc57-139b-4f47-9e90-c94adc5fc8c0,46,1,3,179542.74,9,0,4630.35,4182.82,1
1cdc48a6-2f48-4d2e-bf67-8cf07b0fb3a4,45,2,1,195865.75,2,0,3235.84,7331.44,2
395f6d0d-1c5f-4e33-b412-9447db938f8f,51,0,3,41111.79,1,0,2333.52,168.99,2
aa4db4c7-85de-4639-b6a5-0e2fe3b4a7a6,48,0,0,190523.59,7,0,3503.63,8899.98,2
6dd03ba6-ce54-4d5a-b1b7-53072b3d008e,27,2,1,182036.02,8,0,3873.22,5583.43,1
0ba8113d-ff41-4b35-b448-187febf11449,37,0,2,56505.54,0,1,607.22,2359.21,2
a755d0a6-847c-45ea-8511-63e79f4d1b13,21,0,0,157335.28,4,0,1374.75,9019.6,2
79add9af-70ff-427b-9dc3-30eb65bbadde,79,0,2,80526.95,7,1,1612.15,7068.17,0
276ca4e5-5920-47a8-83a1-2240ba88ea31,72,2,3,192977.25,6,1,4390.29,697.54,0
44f646ba-9527-47bc-8d72-b0e727cb8435,41,2,1,117260.13,3,0,531.94,7995.43,2
9b036527-841d-4444-8c38-04385049db0a,58,0,1,112424.32,0,1,2824.9,5648.27,0
add115ad-518c-46bd-b699-92c509107b51,59,2,3,77674.89,8,1,2350.13,2911.43,1
0c65eb4b-7747-496f-9981-68e2002c395e,21,0,0,72375.77,3,1,4542.81,3081.75,0
5828f46f-d6c4-4a24-a6fb-ee1ee89092ec,49,0,3,137376.49,7,0,4794.74,179.85,2
6eac9054-2887-4183-b6a6-c964b1f83d24,37,1,1,132182.06,3,1,3791.62,6567.07,2
8b1dd09d-c7b7-48b3-a4df-09e1a4880cdb,23,2,2,105491.92,3,1,1896.97,7647.02,0
ae969d92-2576-4177-b18c-c7ff2738972b,42,1,2,157491.38,0,1,2192.44,5477.28,0
ef316aa4-3eab-4ba6-9c58-00d6017e54d5,63,0,1,23649.94,6,0,4848.6,9950.18,0
860d9eec-5340-4a7b-8f1d-c78bcf65bb26,44,2,3,69389.33,9,0,1050.23,7248.42,1
93d145e7-dc58-419b-82ea-df3072635f6d,61,0,1,146204.6,9,1,926.45,4731.51,0
e570f270-55d0-4adf-832f-0a3272815a57,64,0,0,193047.98,9,1,4515.21,8955.08,1
e09a3856-4b84-4891-901c-5629a1f5e182,31,1,2,127647.7,7,1,822.29,1586.5,0
cbf05ef4-a36e-4b7e-b981-87f30f49402d,78,1,2,41520.65,9,1,4093.2,3362.01,0
cc934975-41a8-408c-9d97-448b9b916d94,66,2,3,79443.61,0,0,2985.95,4236.91,2
7d6cbb7c-a2dd-4196-af50-cd451d8e57cf,66,1,3,104978.5,3,1,1693.55,3508.73,2
0d662ca5-20f3-46d5-8a86-0dbcb7f9f8dc,31,0,1,123145.18,3,0,718.09,3410.11,2
ea6758ed-7e6d-4859-98e6-d1131bf8edbf,35,0,0,197374.92,8,1,657.01,3812.42,2
bfd94b25-404c-492a-933e-7191ed1bdd96,41,1,3,109213.6,10,0,3409.93,6963.07,0
d7ebad04-ad7d-4b78-aa00-a614145ae660,18,0,1,127328.35,3,1,1856.05,1367.89,1
33d1b5c9-65cf-4ce9-81e8-218066687974,74,0,1,39440.48,7,0,2708.69,491.08,0
f3da35d9-82ea-4533-b344-c60d4ab3ce64,67,1,0,132830.68,3,0,1802.44,468.72,1
f783766a-df7d-48c3-b527-f2c99bb911e7,75,0,2,150891.97,3,0,4872.04,1483.74,1
b086c637-0ce9-47b3-873a-92736fd2920d,58,1,3,30479.83,4,0,2285.76,7547.59,0
5e5a70aa-23f4-48c9-a621-365f5c6aab0b,54,0,3,151814.11,0,0,4150.61,1569.97,2
1095d0f9-80d1-4a4c-8f13-148d1ec5ca3e,79,1,3,129292.5,8,1,1583.65,3983.85,1
2f909564-62db-46ee-8551-501bc72e7098,19,2,0,105390.07,4,0,2649.33,8255.73,0
c12db82f-5f72-4b7f-832a-0472c4fdee30,36,1,2,76316.71,3,1,2483.75,4348.29,0
9adcfa9f-1e78-4321-beb9-1c06750e5451,44,2,1,189276.6,1,1,707.68,6379.16,1
f45eb6a0-cd7f-413a-b30a-be1fea7c5499,65,2,1,158764.84,1,1,4445.33,1554.97,0
4c887d5c-85a2-48ad-a366-28738fe216c1,43,0,0,172980.87,0,0,3728.86,6412.65,0
b5f7bfd2-35f7-45ec-a5fd-e4775a40a841,54,1,2,182803.24,9,1,3682.08,6318.81,0
2485c3ac-97e1-4862-a436-5e5405793684,27,1,1,64637.09,3,0,2124.61,2988.25,2
a17f2934-2b5a-4074-972c-9f6a6139e70a,62,0,1,178676.85,6,0,3423.72,985.06,1
35460cbc-a0f0-4917-94fa-720dc85b7bc9,26,2,1,182518.1,4,0,1395.87,5326.66,2
fb8dc40a-7781-4bfb-b0cc-5397cb36434e,57,0,1,141244.45,4,1,2939.85,2799.11,2
62e94462-80bd-4016-b549-2026286a59d2,46,1,0,102136.44,4,1,4518.21,7003.09,0
c9b0b0ea-3003-4b47-b696-969466bda83a,25,2,1,61926.16,5,0,4910.23,1987.56,0
a18b76aa-8b42-4437-b099-146c92162839,24,2,0,182577.21,0,0,1216.79,1926.66,0
fa4fa40a-370d-4c35-b14a-486a81751e83,38,0,1,152526.33,7,1,3758.07,8258.55,1
9b71d9a3-c875-484a-8083-7047dedcf097,55,0,2,88741.03,5,1,3212.05,5157.34,2
3cc718ab-a43e-40e3-b0d1-1235943a8651,80,0,0,48367.9,4,1,3774.06,4738.05,2
e5a96b38-f1a3-4a60-9b1b-cbcfef9b1cfb,19,0,0,112030.48,8,1,4159.78,405.73,1
1716cf37-fabe-4839-9c3d-53ce008f2798,42,1,2,188681.86,0,0,2019.91,8844.7,0
2e517440-94de-4bcf-992f-d380a9aaa66c,36,1,0,188915.93,3,0,1208.51,4768.94,0
9257e171-9bf0-4d30-b702-de83b1cb4885,72,0,1,40956.51,2,0,4153.99,5564.49,2
e9392ac6-b7c7-48d0-a511-cc999354785c,70,0,3,78848.78,3,0,2985.97,9751.03,0
d53d5367-43a3-45bc-a888-b121b7a02e62,29,1,1,68250.73,7,0,4991.38,5713.98,0
d8ebef16-8e7f-4f65-97b2-da5877aa39e8,50,0,3,131577.84,7,0,721.41,7059.41,2
5fa98e9c-fde1-4b4e-b774-4c4ca26402f3,53,1,3,80139.79,8,0,753.15,6967.13,0
d372d23a-e9f8-4696-8c9d-599c2532c4f7,57,1,1,109800.62,8,0,3703.36,3868.57,0
b927546a-d741-4b07-a88d-e50502cac858,26,2,2,140428.17,10,1,2862.47,7648.13,2
5ab1e165-ce86-40dd-9c84-941fe8b39ed9,25,2,3,76556.59,7,0,4885.9,6601.45,2
e1076d4b-72a5-427c-8652-b4ce4e08a172,19,1,0,90193.98,5,1,1901.55,7280.45,1
f2c26b65-5095-4ffa-b2d7-aff9d68fdede,78,1,0,105650.99,7,0,3136.02,4555.02,2
592999e9-a1aa-4981-b138-b58941d5d74b,35,0,0,38157.76,3,1,4906.91,5697.74,2
336b94f6-68bd-43e8-b896-d5a4131fa85c,72,1,0,61996.09,3,0,4176.67,6652.51,2
344b5e59-5e5f-4bf0-911f-4c779d67b5e4,80,0,2,129932.9,7,1,1082.44,3441.41,1
1bbeab61-9db5-425c-9866-ce7393e22bd0,29,0,2,67248.59,10,0,2695.08,749.67,1
93c0d8df-8613-40c6-8623-28782e619bc9,57,1,2,120880.87,7,0,4612.92,6722.1,1
dc94874f-e174-410f-b437-cc43db379386,30,1,3,104727.61,0,1,3074.12,4863.8,1
9ecce8e6-26a3-4df9-abee-d9584cd31c4a,75,2,3,34098.26,5,0,1317.99,3450.46,0
17535408-fba1-46a6-a4e0-bf50a15cfada,28,0,3,160200.15,9,1,1326.06,5079.36,1
3dc44945-a6c6-445e-9e7d-29cf4358984d,30,0,0,159811.15,9,1,1864.89,546.84,0
d34fab51-e739-41f4-8502-d38bd13d600d,63,2,2,144764.1,1,1,2406.55,2351.29,2
e4c986ca-6c66-4e3d-9ced-aa33210f0f42,45,1,3,39469.81,7,0,1420.64,4813.04,1
5b55422d-324e-4ee3-b08b-b919859bf00f,18,0,1,92995.69,7,0,3199.43,8160.32,0
f7d59f4b-3ef9-4fa0-a8ec-2b020ef4a76f,49,0,1,46965.15,9,0,3147.07,650.05,1
e26ac195-8a36-4a37-b0ab-d925ad9beef1,73,0,3,169433.45,3,0,2329.96,9617.55,0
a85b3829-debb-4232-a049-64ffea02d712,74,0,3,158416.48,3,1,1911.4,1110.14,2
bcc70476-28a9-4d34-8912-fe9f4ef83a00,49,1,1,23866.48,7,1,609.05,6772.43,1
d838db26-59ad-479f-9e1e-378fb20bb9b3,72,1,3,131105.06,5,1,2713.93,3303.26,2
9f434b03-3d54-4cc3-91cf-19949594e847,72,0,3,66698.63,9,1,3175.33,8906.52,1
c23037cf-c22d-44cc-acdd-dba030824a56,75,1,3,50589.84,2,1,2055.9,5780.21,1
c37c8923-1243-4784-89f7-0ed5f9d4dbf7,58,0,1,131623.58,1,0,3473.28,9932.46,0
90e699e9-dac6-4de7-add8-adba6205f24a,67,0,0,152351.14,0,1,2070.88,4251.86,1
bdcc0062-80d6-48a5-b5a9-45ed4090c206,39,0,2,122156.91,9,0,2271.75,5586.68,2
c7af65bb-4d68-4351-9847-e04683879750,71,1,3,166397.27,9,0,4485.66,2288.28,1
bf9e60aa-1b29-42ee-902a-626fcac432ea,40,1,2,165612.5,9,1,4267.72,6769.78,2
bca1fc58-ebc2-452e-80a2-377e463e254c,19,0,3,40957.33,0,1,4985.14,9860.95,1
426fc2ed-69b1-40a6-9dc2-53a8996b9e21,56,0,0,177673.61,6,0,3649.2,8829.76,2
74ccf05d-8c80-485e-81ef-35a27e215f1f,24,2,0,111022.87,1,1,4306.75,9963.27,0
b330eb05-8ebe-449c-8bb9-58a09d1407e4,56,0,0,76432.79,2,1,1493.81,5038.96,0
6ec3b736-fabd-4062-ad4b-3ae8d767d0e8,42,0,3,162963.72,10,0,2175.19,7205.71,1
3d206021-fe44-45a0-ae92-9847f87705da,68,0,0,81909.16,4,0,1141.16,3686.99,0
7b6e8774-993b-419c-b3a0-2e04d26b5ce1,65,0,1,136741.53,5,0,1995.77,733.8,1
4e2e36c0-8d38-4caf-925a-ed3f04083998,45,2,0,148242.85,0,0,1052.66,8670.94,0
f4235768-4ab6-44b8-a529-2e6ced879e4e,68,1,3,26604.16,8,1,4482.17,5023.84,1
bdc711ca-60ec-486d-a44e-a2d6131e9985,30,1,2,118648.82,7,0,2179.69,9172.79,0
388dc514-0547-4c34-a911-f7750b9f106d,39,2,3,150234.79,9,1,3247.96,6404.35,1
fff17a69-5263-4024-9eea-d8145876550f,80,1,3,157866.46,4,1,4725.49,1328.49,0
fc5e2b7c-c7c7-4808-aea5-6638e081330b,61,2,1,82432.64,1,0,4234.21,2511.3,2
2f691b93-50bb-41fc-a179-5fc4cc931cb8,54,1,0,164843.46,3,1,1269.59,4871.65,0
05bdc727-d02d-4d91-b321-e7a3009eef71,49,1,2,33322.73,0,1,4013.59,4523.95,1
fe47aecd-b3f3-4da2-be9f-3b109d0bfd3b,57,0,0,100604.09,2,0,4593.75,5762.85,0
3d465e29-c622-41a7-a9d4-6767992c902e,28,1,1,87043.85,4,1,557.97,7956.44,1
d212d22f-3f75-4ad3-91e6-40ebc1b9830d,34,2,0,117776.5,4,0,2270.3,2109.65,0
a91ad70b-457c-4ef4-99f9-baccb4081bea,30,1,0,79342.5,9,0,3157.02,5855.82,0
afead4e6-8125-4a17-b479-051b495604a6,38,0,0,75112.47,10,1,709.9,6438.76,0
69b13238-5525-40ae-ac68-3c361a43666b,73,2,1,180675.65,0,1,1670.76,1736.23,2
873fab45-d49f-4024-bc28-e9a30e5566f8,71,2,0,37993.29,10,1,522.69,869.11,2
0b92bdfb-9143-4a2b-b44f-5bd903f67e99,30,2,2,130578.12,7,1,748.78,2311.02,1
1223d606-1903-4061-982c-ed93305aec7d,64,2,3,132225.25,2,0,3891.34,541.19,0
023dd690-1957-437c-a1b4-3496a93906f9,25,0,1,150483.38,8,1,2660.32,9481.73,1
770bafbd-7685-423b-8965-81551398b47f,41,1,0,66938.04,5,1,2726.25,3876.19,1
f2da5279-6944-427d-a228-d5dd0c02ae9c,67,0,0,51566.14,5,1,2016.12,9544.48,1
ac77c277-f5a1-4f17-b0ba-0b56c3c81863,54,2,0,138569.27,4,0,1243.5,296.66,1
903a09a1-3716-4cd2-bef7-230cc70f7be0,40,2,2,109707.39,7,0,892.56,1057.11,2
ef994673-5030-43a6-b35d-9305ac7ed3ae,60,1,2,56186.24,2,1,4886.45,5229.55,2
6639b83a-5cc5-4b2d-9fe8-8aa13685bd43,39,1,1,163136.55,1,0,4361.59,9901.85,0
29074e56-5b15-4c40-b1da-d33e2b48b7a2,40,1,1,145591.39,9,0,3928.18,2759.69,1
2336259f-2bac-4870-b449-06cd57568b11,29,0,3,190209.26,6,1,4263.09,2925.2,1
1a7dfdd7-4b9f-431c-8762-a519dec1b756,53,2,2,180643.52,3,1,3461.37,1851.73,0
57c02e19-d227-40bc-9abe-03c1e00ece59,44,1,0,173543.64,2,0,2624.37,6034.03,1
b3573c71-f045-4b88-b03e-cb30cc18fe87,21,2,1,154681.69,4,1,2941.19,9590.6,0
22ecef3e-629c-4022-a3da-cd7597d048d4,73,1,0,113480.59,0,0,701.84,8690.3,1
81cee9e5-9c4a-44b8-a995-8b8e93efcd2f,74,0,0,158044.55,10,0,2917.45,856.7,1
855997f9-94fb-450d-a4f4-8414a1eee142,23,0,1,144904.89,7,1,4417.18,7377.61,1
1d30fcc5-69a5-4470-8b67-66ef1f03bb4e,66,1,1,110429.52,10,1,3994.31,2249.36,1
c4da7490-8815-4cb2-9e4f-0c66ad544331,46,2,3,122375.17,7,0,3945.8,1496.88,2
393e83df-0c1d-4ddb-99c0-53fd9ea719e0,48,0,3,199016.89,8,1,2706.79,2279.64,0
04bed450-d2a4-42b4-88c3-fa166100052f,42,1,2,148171.77,5,0,3148.89,194.62,1
94ce78c0-84b1-4453-892d-fac5f2165fda,67,0,3,24414.23,3,1,1479.95,7202.98,2
35f95b84-0318-4b8c-acaf-95b5b2471907,39,1,1,130035.75,7,1,2936.95,1421.48,2
3cb74eee-8eca-4a01-b030-d76eb9f5db3f,18,2,1,178871.71,8,1,1225.81,3600.29,2
b4a12bc4-9ad9-4ef5-a887-5098f1f8e381,49,1,1,169308.14,6,0,3511.06,5337.47,1
08b43589-4cba-483f-952e-4948a71233f9,19,0,2,27403.01,7,1,783.85,9222.97,1
f8641cd4-ac80-48b0-a677-35ed575a63ec,58,1,2,143601.06,0,1,4368.27,4245.45,1
befe2486-b4a4-40ac-b716-2476ca65cf58,27,2,2,104654.89,10,0,3919.68,5805.95,1
64a69925-7c0d-4470-9778-e2fe32bc844a,40,2,2,31747.04,3,0,4661.04,3575.68,0
2968964b-b1a8-4108-bc62-32866eed97f8,22,0,2,75805.03,5,1,4844.91,4184.95,2
5f78c128-2304-41f6-b565-1bf2c0af9ca3,55,1,0,77447.33,10,1,2779.51,1687.21,1
794f163d-92e8-4db7-ab15-4329cf2f7cc2,45,1,1,117181.37,6,0,2000.78,4002.03,2
2e63c479-c12c-4ff6-8e9b-a0fe6417070c,59,1,2,43288.34,7,0,670.2,3042.52,1
ed6d98c0-8a09-43b8-8ed5-e72b16733053,26,1,0,35129.71,10,1,2687.04,401.75,1
9c07c2ee-67b7-4dd5-9951-88ba492ff862,69,1,3,65424.23,1,1,2480.62,3210.37,2
f7ef1d91-98c2-484d-8536-bcf6b49fd48a,22,1,0,145844.34,2,1,2931.52,3467.74,2
72b4947b-bd45-42df-ab05-0be9e2e8ad34,60,0,1,143131.01,8,1,3322.02,324.09,0
c0836d2e-0ee6-4f1d-bfd2-87c69e13fdd8,19,2,2,179698.37,3,1,3689.93,7439.88,1
f9262f17-4819-4d09-a682-d861e9ca7b37,59,2,3,103696.88,7,0,1081.56,3557.89,0
405bc397-e16f-4b98-97bf-443b62bd47a5,56,2,2,152947.39,6,1,3358.57,6768.19,0
acfcbb19-387f-448c-a58e-6a8dd7131cc4,26,2,0,31218.75,6,0,2824.7,9067.42,1
4b9fada9-f544-4042-ac8e-0289e893c9a2,70,1,0,63091.65,10,0,1677.09,2194.53,1
b706779e-b051-454b-9d50-2ed660d841a9,79,2,0,136411.21,9,0,2346.64,3693.51,2
1da3e5ea-c3c6-4345-a20c-c55315d336cb,73,2,0,84762.82,8,1,2032.44,5398.07,1
edfc1833-3a62-4ce7-9419-79744515b4f7,24,1,0,72133.19,1,0,1842.81,475.64,1
808ec91a-af15-4464-9aff-64858cb1e146,55,1,2,181261.36,10,0,4224.19,7848.21,2
b9fd8a27-fa34-4fed-8cab-1f4f75e9a423,32,2,2,163389.99,5,0,682.37,3605.56,1
c1a8bb83-0206-4762-957e-1ad8cba6c6ac,57,0,3,35351.6,9,0,3936.67,3755.95,1
1e3ed7bc-6985-4a4c-b607-55c17a8a5d59,33,0,2,119572.98,7,0,2970.96,9575.12,2
468f7eba-8eb4-4fcf-8eac-dd5f8595e704,78,0,1,140848.91,9,1,3137.12,335.49,0
21fb2401-8ad3-4701-93ba-cb1761092e89,53,2,3,37934.21,5,0,4851.64,856.37,1
30b2c466-06ff-4cec-9f2c-419fcce10ddc,80,1,3,79606.57,9,1,3097.6,8296.02,1
64de0cce-dd49-44c9-8af1-f5c1dd16fa46,55,2,0,157140.24,2,0,1178.83,2940.78,0
504e6469-005a-4af0-b790-f46de66b876c,79,0,2,142352.4,4,1,4216.81,7188.83,1
6265ef41-473b-45cd-a91a-0da17a066299,61,1,1,145392.28,6,1,1225.63,516.02,2
824fe672-02a4-47b7-8a3b-4b535182fb18,75,1,0,25775.91,4,1,1417.16,8456.38,2
be710832-644f-4baa-875e-b3fc1071bcae,75,2,1,31580.83,6,0,1576.87,4406.52,2
965bac17-995c-4264-9d47-f08c4c71e2a7,73,0,3,113461.85,7,0,1073.29,3319.76,1
cd6b7b89-5267-46be-ac7d-3ae1b38648b8,31,1,1,152602.2,9,0,4240.97,9012.35,0
ceb70a50-009f-4b03-8a0a-7d216c41843b,68,2,1,199138.65,10,1,4840.21,3094.2,1
ad62c878-c585-4e68-8e2c-c94074a7e503,65,1,1,196057.63,4,1,797.74,2751.77,1
b5c88698-6120-4b2a-8bd7-cebf97b27550,31,0,0,112168.18,6,1,2398.94,6442.32,0
d7507532-4a56-486d-b2d8-7a5c057b26e8,74,0,3,85696.67,10,0,1415.74,2462.62,0
828301ae-1ab2-4bb7-b7d2-afe5f0e36b69,34,2,3,28416.63,5,1,3038.22,2231.05,1
0d969a74-0be4-491b-b3f2-24c348ea56ce,62,1,1,144035.52,10,1,1698.53,3889.03,2
9e7d2454-c59d-449a-9f4f-4c809cc85065,23,1,0,60992.71,3,0,4489.07,7791.9,2
bafb0945-bd8c-47e2-8f87-26715574a660,76,0,1,130586.01,3,1,3088.76,3297.13,2
5887bfb1-9dff-4615-acef-65d18816014d,33,0,0,62677.23,7,1,2315.98,2594.52,2
ee47e13a-7397-41a9-8936-1e6dda73c71d,23,1,0,42210.44,7,1,2426.05,6180.35,0
3ee11626-a007-4a80-8e05-430e000b2852,32,2,3,84345.08,8,1,4508.64,4227.17,0
10c31e48-9098-4f51-b396-a2e56d1d5639,75,0,0,25151.05,5,0,2483.39,3511.44,2
c3ae0996-3b7f-46ed-b84f-a9a2490ea50e,28,0,3,79983.69,1,1,2246.47,3733.2,2
6978c146-8bff-421a-8e24-6b4273815b57,49,0,0,182247.5,6,1,1621.7,1187.84,1
8d4466ad-3056-495a-bb74-db7b3db6f56b,50,0,3,195637.35,4,0,4839.65,1524.78,2
cb095351-008d-4f1c-a64a-ce5845782622,20,1,3,73493.01,10,0,4632.67,4969.07,0
3574ed70-1d9a-4657-9c0e-f7f997c76a79,51,0,1,28176.52,6,0,1903.06,6539.02,2
fb530d36-4a97-472b-907f-ed0eadfafbd4,36,1,0,58540.62,10,1,4679.25,4255.81,2
ad7150bf-1f9d-47dd-821d-4c14dada7950,56,1,0,69486.13,4,0,3580.53,7834.2,2
7d5385c3-2ced-430a-a94a-d0601d35d35d,35,1,3,161610.5,7,1,643.69,1205.05,2
03cc52b6-cfd6-4ed8-bb50-d5cdfc478eed,25,1,1,128230.37,6,1,2937.28,5826.26,2
11345a92-c667-4a7d-968c-452c22befd60,37,1,2,81170.6,5,0,3649.54,9016.47,0
1a984795-f473-44b0-b51a-9e29ef6eb005,21,1,0,107445.05,6,1,4182.63,3946.35,0
239ccb9d-1a96-497a-b2f9-613e7198bb70,20,1,0,124190.36,9,1,4994.95,3176.5,2
3500c602-b238-4857-885e-a3513c8c17ce,67,1,0,163278.14,5,1,850.51,8125.56,0
8ed9dd8f-a216-4ba7-8982-7f97f51648d8,80,1,2,157847.73,4,0,2097.16,6844.83,1
46cbd6d9-aa2a-4570-aff0-9864403bdffb,41,0,2,155436.1,3,1,2401.34,9877.2,1
25674abc-cdcd-4abc-b9e5-e3136faeb8f1,38,1,0,155774.09,2,1,778.82,9426.15,1
341739e7-32be-4b16-be3d-b9bc2965a657,42,0,3,173601.64,5,0,611.68,1650.87,1
38cde115-d128-4451-ae30-72192616d830,76,2,1,27069.44,7,0,4430.93,426.89,0
58105bca-a4f6-4a23-a424-a6e1242aed0b,22,1,1,71691.17,5,0,2967.82,8668.06,2
e4ba8ae3-ad2e-48ad-9812-95ba5a0f5186,69,0,1,169277.91,5,0,1265.22,7317.72,1
b8c44a16-0dca-49b8-8552-14797cf24a68,71,2,3,97831.18,1,0,1601.09,1530.26,1
fa5c8047-bdf1-4a9c-8495-d07278cb9251,38,0,0,39108.57,1,0,3504.01,2711.31,2
6141bdaa-6ad3-4d06-8692-2bd0499c6aa3,58,2,3,172527.83,5,0,3769.25,3141.7,0
1d03b8dc-fa2a-4a88-88b2-b6bab87c5578,47,0,3,86972.51,4,0,861.55,473.21,2
f3c292dc-e86e-4c73-94f3-cf918895a75e,80,2,0,102113.96,2,0,3413.48,3536.53,2
33dc0670-7ecc-437f-84cb-9707cc5220c9,43,1,3,107992.77,9,1,1866.87,1172.51,1
92300817-8074-4d92-8f0e-c25412a9c180,42,0,0,55171.3,3,1,664.83,9458.48,1
4d71d809-48da-4481-bd41-f9c127a08a62,66,1,0,39034.32,0,0,986.26,6907.41,1
655c501a-ef96-4e19-9b0f-f1a91f1f8c60,26,1,2,108776.39,5,1,4428.88,243.68,2
5f8d9c55-6b09-43b2-8a8a-c8b9b1fa3d86,80,1,0,174199.69,9,0,4513.65,1750.46,1
98865047-72cf-42f2-8621-2927c78cc23f,19,1,0,166849.11,0,1,4852.96,2193.21,2
c4f49ae5-7608-4faf-a641-b99b89c1550b,70,2,0,174315.78,1,0,1182.35,7592.49,0
4ddeea87-b733-4c02-8842-0cc4a0f51682,40,1,0,186283.34,7,1,1453.13,445.87,0
f65a8139-7984-41fa-8634-2cbc4b6fac9d,54,0,0,28436.38,5,1,1290.74,4548.66,1
26a54674-2546-4391-b1cc-ef63a5a81dfe,56,0,3,185985.66,7,0,2230.07,1723.05,0
c5d5c884-c6d6-4b7d-a073-8ed53606902f,73,2,0,181604.27,1,0,3938.67,7480.24,2
8566af8c-6fbb-4c35-8335-a1c6bb9de501,59,1,0,98707.41,6,1,4109.39,2795.99,2
05f64480-36e9-4ff5-973d-1fff9f7e8aef,58,1,3,178912.51,4,1,3307.29,3845.65,2
5c63d2b8-df95-49ff-aee3-b545fbacb479,35,0,1,118251.45,9,1,2786.5,8626.59,0
14d07ee8-370f-47e1-b577-ef8eced02a57,54,2,1,78483.57,4,0,831.67,4806.94,1
e723c7e7-ad73-4992-b591-f10d6d5cf479,76,1,3,159629.37,0,1,4935.67,5869.3,0
eb0acde4-31aa-43ee-95d7-f0d12ebd3f23,53,2,3,196335.54,3,1,3187.11,392.93,1
c3753d0e-c875-42f4-b71e-5cef2e97fd3b,65,0,2,131980.7,5,1,1908.3,3430.98,2
c47a226b-ad47-404e-beb5-8bbf8de0145d,21,0,3,35444.3,3,1,1944.86,9217.36,0
f2e779ad-e341-40b6-92b3-2ea2249f81fe,38,0,1,39644.0,0,1,4883.95,6892.17,0
4e8756c4-9369-4a84-afe5-73fc1eb2ac57,73,2,0,77981.34,3,1,4855.07,1319.51,2
32501ca5-5f6e-4915-8ea1-6c4fbfeb534c,51,2,3,67958.3,8,0,4965.5,4299.66,2
b4b5b03a-10a8-4493-9788-81b75cef5859,77,0,2,152966.36,6,0,2232.21,8146.48,2
396b6f82-a0b2-42c2-8713-0ee89589222d,39,1,2,84514.95,1,1,2376.88,376.8,0
0f18028f-ae66-4c22-abb7-112da48605b4,54,1,2,177667.7,3,1,2851.14,460.51,1
98ee3785-7e18-40eb-b1d0-27e7b8dc651c,20,1,2,184064.52,6,0,4243.96,9130.37,1
e36c2ced-edc2-4464-b713-70ffd7253a46,79,2,3,151427.38,6,0,2212.63,5725.81,0
52d125b5-d9ba-499b-a749-318e94a47eb7,63,0,0,80014.47,0,1,2261.46,347.52,2
6de746ee-1d77-4a12-bfa0-44050af0db60,80,0,1,109778.68,7,0,4039.23,3570.04,2
432d4b0a-3e68-441b-9cbe-646cfbfe9d3b,23,2,1,109215.95,1,0,2535.42,1033.18,0
6b3aace8-1050-4657-897b-b86c858259eb,35,1,3,178027.44,0,0,2135.95,1401.48,1
c992bb92-8894-4af4-a76f-4ee73b925fd7,34,2,3,192780.33,10,0,4519.13,7485.45,1
f623687e-7079-434b-a38f-667b47eb8e89,35,2,1,101796.8,3,0,2928.37,4211.3,0
7771d736-9746-4a7e-94d4-bc1319f22daa,60,2,0,138736.61,5,0,3677.87,6751.28,0
75484bbf-5b3e-4c92-a3fa-ad9a0889bde2,62,0,3,91504.67,2,0,4314.99,7811.33,1
2988d272-976e-42c9-aaff-4881817aa75e,69,1,1,159041.96,2,1,4915.36,1774.87,1
16c4e1f6-893f-4c4a-a056-49e15bc800e3,68,2,0,126113.61,9,1,1597.11,5632.85,0
282d4f4c-9f1f-42c3-9b3a-f85250743a37,67,2,0,110076.4,0,0,1703.76,253.65,0
7fe1fe5c-8d15-4d1e-aa24-ed95cc812998,30,2,3,129438.67,1,1,1883.74,6650.88,1
8122343f-2b0e-41a6-8267-054db20fd8dd,23,2,3,146780.04,2,1,4819.54,6514.55,0
7714f01a-5cd1-4a46-9546-4d0a6f94fb19,43,2,2,162333.92,7,1,4497.11,5561.95,2
6d790e58-61bc-4514-8063-f1ec5b941784,75,0,2,42120.47,1,0,1169.99,4906.83,1
6f4870e7-9ebd-4416-b681-2f63864b46a0,78,2,0,131403.42,3,0,1148.09,1178.66,0
a9e86f23-8b06-4e4f-851d-8a89ff786b6f,45,1,3,182810.47,9,0,4600.49,2253.62,0
a9646709-ef74-4588-b0ee-2ac21a2072f1,61,1,2,54536.41,8,1,2456.46,976.5,0
2696a84e-b581-4475-a91f-eb9c963d5cec,79,1,1,107476.67,1,1,1849.48,4345.87,0
30546467-11df-4b65-b253-c06dfb255f42,22,0,1,70587.51,2,0,2835.5,1842.86,1
c6c5e133-346a-4d62-9261-6db50d41ea98,55,0,2,137199.5,3,0,4142.48,2025.81,2
1366652c-da3e-4a36-a401-f4023b9b020d,19,1,1,188117.15,9,1,2927.25,2001.05,1
763014d8-4f9f-4e02-abb4-5da8e11982cd,19,1,0,197328.01,9,0,3879.59,3239.08,1
82f19577-78ef-4100-b0ab-9f886bdfa2de,73,0,2,187042.67,8,1,967.76,6048.02,0
36ddaf81-2a1e-412e-8b38-e20895ca6181,77,1,2,47777.28,4,1,1606.8,9215.89,1
eae867a5-6422-4e0b-92a2-462f48a8b272,76,1,2,71337.21,5,0,4424.0,3993.08,2
bca4e0d6-8745-47e6-b562-d8de8a375441,75,2,3,129792.75,9,0,4423.69,6528.88,1
004f0f4c-6be9-4ef5-b48c-e60ff02e6476,37,1,3,137554.1,7,1,1315.36,5537.35,2
bf365c8b-fbd2-4afd-a946-a01dbda5a536,19,1,3,197953.54,3,1,718.5,2853.13,2
1d82d64d-57e4-4433-b7aa-24972bc6e7cc,43,0,0,165940.24,10,1,3489.91,3835.11,2
f0eb80e4-4e96-43ac-85ae-3041f77bfbe0,44,1,0,37968.08,0,0,2189.57,9230.16,2
828b68de-db70-4e24-91af-82d798a47061,26,1,2,82571.55,1,0,4090.69,9746.21,2
5e77ba08-5d3c-49df-b5fa-a4c1aa45a714,79,0,2,25155.79,8,1,3760.19,3093.01,1
28375300-0c62-401a-9f6e-14935dc07bff,79,2,3,141725.36,3,0,1221.73,1463.34,0
72e8a1b4-6bca-4cca-89b7-4d046f92c033,67,2,3,133737.83,7,0,1624.25,1942.12,1
5b013db7-f56a-40ba-86f4-ad28950af219,79,1,2,27039.65,6,0,905.4,2435.53,2
58631b69-c013-4a6a-b634-aced8a4dff57,48,1,0,148079.16,9,1,4552.22,7068.43,2
e3a596a7-6648-46c5-8eaa-77726a392f31,36,1,2,74489.65,2,1,3716.18,7370.41,2
92ed9dfe-479b-417c-a88e-9c0e9fed6d76,43,1,0,173112.27,2,1,1857.37,1140.99,0
f8afd39d-2cc4-4eb2-a787-3323c411500c,72,0,3,196597.44,10,0,1018.1,6244.51,0
8f18dd98-a3b9-4fdc-a929-769ee514d1ac,22,0,1,151985.25,2,0,3283.79,3914.11,1
bbfc8177-36f0-4bfa-92fe-406aa4207727,50,2,3,54452.9,0,0,4733.22,9127.88,2
240328b9-3c27-4876-adcf-68776b622f4c,39,0,3,59496.8,6,0,2665.96,7924.64,2
abe9caea-11a1-46a8-9c0f-f49418a858f8,23,2,2,93292.97,2,1,1781.87,7652.38,1
4baf9268-bcdc-494f-b81c-8818eed1760e,45,2,1,59046.96,5,1,2697.92,4405.91,2
513cd30a-68e9-41a1-b342-040d1c07a05f,42,1,1,33235.28,4,0,3947.45,7249.39,2
4e6d9b95-7710-4bb0-8303-6581ebba3c5c,73,0,0,42882.69,3,0,513.7,7539.86,1
8e074007-d385-4ef9-9b8f-de412ab4bccd,22,2,2,131137.84,5,1,3979.77,9200.66,1
69514f18-4ec5-44c6-9caa-0d60dc370b2a,60,0,0,129818.59,7,0,4665.62,2873.32,2
0fe057c4-0195-42af-b3e8-b8456f64d24a,73,0,1,60501.25,5,0,3263.11,8018.71,0
2b525b50-d09a-498e-b4bd-703d951c2790,29,2,3,40022.24,4,1,2270.41,7981.76,1
d42ed50d-a0d4-4357-bd94-5e79c5298e17,76,1,3,60459.12,4,0,3229.19,3640.7,0
895a526e-dcb4-48f2-8391-e233f4ce0fa9,40,1,1,103047.61,6,1,4222.66,9993.3,1
d1d789c6-3d4e-4cbd-b34a-bd3b0681fb1f,60,1,1,60483.65,6,0,1605.46,646.6,2
c8028660-7d81-4c10-abc4-177cee62ed9f,24,2,2,152526.71,2,0,4036.17,419.7,2
9630556b-5b7e-409c-b551-aa553850ef48,60,0,2,100654.6,8,1,3598.41,1485.76,1
900f4da2-14c7-4126-8161-c755eceeb678,53,2,2,133938.39,0,0,580.58,3904.66,2
9be6df7b-e927-4477-a70b-8f9fac234f01,47,1,1,166392.19,9,1,2222.77,8182.91,0
a71068d4-aa13-4088-82a4-7c2e63fd55d3,62,1,1,84542.15,5,0,4182.1,9783.7,1
96a2f383-05a9-4fc4-be93-5ca4dd03c63b,50,2,1,177579.1,2,1,2829.52,3825.55,1
8058f95e-b94c-44e0-9c8e-27ab50890340,79,2,2,114705.21,2,1,2531.77,4534.35,2
d07088c7-fb60-4628-98c4-7799fa748778,61,1,3,166200.87,1,0,2257.48,5784.29,1
223fd51d-8b3e-4838-af60-2ff501ded8e9,42,2,2,109009.54,6,1,1293.06,4672.2,1
9c9c5f23-c080-4c31-baab-185ef891e1de,22,1,2,83690.87,1,1,2467.79,7303.33,2
f4eb157e-142c-4e51-92ee-6e69fb537e46,37,2,2,95147.62,3,0,1332.49,9303.17,0
8d8f2b1c-c523-46e8-b268-045f0c1ec495,32,1,3,78315.62,7,1,2308.15,2258.66,0
a949d92c-b6a9-49a9-bf47-fdc9d779abe5,42,0,1,118701.21,3,0,518.53,6072.34,2
47c26b97-84ff-4f4f-a440-e2086756fcf7,40,0,1,175376.81,9,1,4176.52,1059.32,0
222ad793-ee49-47ca-b94c-673f0be61ab1,62,0,3,190453.85,3,1,4672.13,9559.42,0
06bdcc34-a627-4c15-b678-c4f5fde5e239,72,0,0,22714.32,1,0,1678.27,9991.16,0
45f041ff-5b11-4155-b3b6-cb84db411612,63,1,1,47479.58,6,1,2717.31,4350.83,0
38d0534a-3d27-4760-a5c3-da4cfdbac63a,42,1,2,190944.48,8,1,1377.1,6727.35,0
07e45481-0162-47a4-a94d-3582c46c3b7b,78,0,3,141187.67,2,0,1021.18,677.01,1
be3f16fc-9268-4519-97df-08f0a3a43619,19,2,2,73804.34,10,1,3036.1,3402.05,1
54260565-17df-43c9-830f-61969f5b6d7a,39,0,1,52668.92,2,1,3023.84,6083.96,2
20b668f0-e4d2-4030-a361-4deb525a6c45,49,2,2,192335.26,10,0,970.25,3390.92,1
2c0089d8-4cd2-4fce-8191-d3ac4f5bcdc7,23,2,3,122436.07,5,1,2914.96,1797.91,1
66bbecf0-f8ad-4b46-b2a6-882efbac0036,78,1,1,163679.05,10,1,3191.4,8486.5,1
5744d2ff-ac8f-420a-9711-9ba4b735b01b,76,0,1,131514.09,7,0,569.25,3705.93,2
e73a1fcc-0475-4b2c-9b8d-bbb66a7acaa9,50,0,0,118326.28,5,1,2236.26,2060.23,0
c3730912-64b8-4418-9c14-2b0f5af7fb1c,23,1,0,150914.68,6,0,3500.64,4849.12,1
2fdda596-92b1-470a-aa5a-6d20b43ea4a0,26,0,0,172928.63,7,1,1489.15,2716.43,1
2bdbf79f-7021-42db-91ad-6090b7f32501,65,1,1,76969.35,10,1,1331.52,1161.96,2
6df2303a-8411-404d-963e-a16bacbe305c,60,1,2,30869.95,8,0,1611.44,2632.09,0
e3ccb4ed-7a7b-402d-aed7-389aaa07e787,44,1,0,48867.13,5,1,3503.73,7761.08,1
e3bbe261-5b62-466b-80ad-9c6607131d76,78,1,3,190211.35,2,0,3605.93,6076.62,1
ed711227-0fee-4322-aa8d-3ad374efdd8b,75,0,2,56140.55,1,0,1431.6,7078.75,1
7e44b72c-f5dd-4e45-8d7c-24de8bca51eb,30,1,2,80826.92,1,0,3797.84,6080.48,1
17bcadfa-a0ab-4e2f-be4f-79648292b2ff,60,2,2,92550.46,3,0,678.54,8376.34,2
fe3b3255-ea3e-4d4d-8938-5c8be4add141,78,1,1,130240.7,9,1,1810.93,1242.96,2
5a4a1e60-4490-4ca9-9d90-62bf53c76c5e,62,1,1,78445.32,2,1,2753.12,6785.77,1
a9cf8f34-8dab-4ecd-9f20-01231dfc8569,39,0,2,193721.44,7,0,608.95,4815.34,0
9373d8c4-7562-42d8-bb29-5af17c9c09ea,41,2,2,21663.92,10,0,4326.73,7084.62,2
18d2e39c-1efd-4617-99db-43dc6eef0237,49,1,2,111068.36,6,0,1225.34,2203.49,0
33adb83d-2784-4f93-bcb0-c94ae4bbb353,33,1,2,196313.69,7,0,4497.37,3450.25,1
d0ec8adb-a32c-487d-8589-edcd448a8cfa,46,2,3,31011.55,3,1,2317.34,5512.17,0
5fc4e062-542f-49ba-917b-fb9040da47bc,59,2,2,47590.53,7,1,1428.29,2871.57,1
8c013344-2965-4ccf-a096-3f2fd69085e6,53,1,3,108219.49,7,0,4060.13,3302.17,2
bfe52eb3-a43d-42eb-b40b-0cfae10060b5,37,2,0,43092.94,8,1,1665.0,369.42,0
b823317e-2005-43cc-964c-c3a5c12748cc,64,2,2,140409.15,4,0,1555.9,4302.38,1
43ef3088-7d34-4f95-9309-537ec30591ea,39,1,2,75840.08,8,0,2518.33,9464.02,1
231bfaf9-295e-4f41-8233-b41be09a7560,70,1,0,166998.29,2,0,3634.28,147.21,0
58fc3efb-d0ac-4f68-a76a-5b411a31a7d6,39,2,0,179712.71,1,1,1577.23,8548.82,1
14154cca-d88a-4f10-8c1b-2d0902f5ffb5,74,0,1,166730.68,4,0,1209.44,2905.36,2
0182d25c-4e47-41e9-8aec-783a92bbb6dd,28,1,0,74126.78,8,1,4744.54,466.8,0
95d3452d-3bd3-4234-b224-df852855f1b3,75,2,2,185462.02,6,0,3747.05,2769.71,2
3c3a9e2e-316f-4799-b15f-7dfa9b139128,28,0,2,122400.1,5,0,2485.56,3338.47,2
81ff8daf-a6aa-4c27-a5bb-1699f6504be3,26,2,2,102084.78,0,1,4638.39,6630.68,1
71fb6e31-40bd-497f-be12-cd77a7c8d15a,43,1,1,76538.15,7,0,4269.47,9651.55,1
ac905aa1-900b-454b-b999-8fb73b9fb1b1,59,2,2,187162.7,2,1,964.46,2004.02,0
31cc347c-b215-4407-b2cc-0bc048ade402,50,1,3,186903.34,2,1,2028.1,2434.14,1
24e64d9b-f76c-4130-9d46-4130b29f40b3,58,0,1,117011.69,10,0,4113.27,881.89,0
9960803c-9adf-4e32-aba1-7e3418487596,76,2,1,172224.44,2,1,4944.33,893.17,1
8cd4a21a-2f75-4d9a-b3c8-e15ea25ef61d,56,0,0,50773.56,2,0,2167.26,3896.25,0
775446f2-de79-470c-9322-42690ae849d9,60,1,1,111001.55,4,0,3542.95,1506.25,2
a6f918ba-4ca2-4f05-ac28-7e6052655b97,67,2,1,194980.28,1,1,3230.55,8424.97,0
c2bf5843-0fcf-45b0-9581-ade27fcab898,72,0,0,197664.14,4,1,3464.49,9879.28,1
8f61f5ce-758d-423e-8b8f-6141892f94b1,35,0,2,66021.99,7,0,4494.22,5948.89,1
5ee5da2a-5ef5-4013-8a9b-892b4028646e,45,2,2,187330.88,9,1,4842.32,2014.56,0
f548352f-b5a2-4d01-869b-6e76d0e0ae20,52,0,1,62685.2,3,1,770.64,139.79,0
4fcd76fb-2df8-44c2-b34b-af5f7c561371,36,0,2,167088.27,3,1,1275.29,4581.84,1
ba346e16-80fe-4668-9d4b-658c1656f384,35,0,0,134277.14,7,1,2915.23,2942.7,1
33608568-8dec-4c63-8b1a-d420db6001e9,41,1,3,131272.57,8,1,2216.01,406.13,1
0f2d4c0a-ee95-407d-a178-4967fe043c8f,41,0,0,131955.83,4,0,1605.24,7849.25,1
94e616c9-10e1-458c-ba5f-604bf970be92,48,2,0,50716.83,10,0,2789.43,7214.84,1
5900c662-a785-48d9-9ca1-1980f0f43d73,76,2,3,140212.24,0,1,4137.21,2708.89,2
9bab9712-9749-4634-b5ba-8faba8210610,45,0,1,39705.08,7,0,4430.48,8117.58,1
af1bb9a6-b7e6-47b4-a2ec-b5ab99ad7b80,47,0,3,125128.12,8,0,3939.37,6843.09,2
717f9fd8-5f9a-448e-bf1f-999339292160,66,2,1,36373.23,0,1,927.1,7651.42,1
9f809305-5c69-46e1-81a8-edb9339df56c,20,0,0,110724.59,4,1,2216.44,3880.26,0
87449f71-57d6-4b42-bf31-b948d38d14ef,60,2,1,143709.98,1,1,701.44,1036.42,1
5389356b-2326-4d06-93f8-b912bf2c44df,66,2,0,35852.04,4,1,1866.55,8209.3,0
fe1a956b-478c-4191-812b-33f95c16c103,57,0,3,38818.19,5,1,3536.22,7144.57,0
04f0e646-7591-47e7-b2df-45bcd03a860b,77,2,1,154576.69,6,0,671.78,1243.14,2
54994f8d-bb29-4927-b7df-22b33f4afb8b,58,1,3,77389.55,7,0,786.94,5490.56,1
356f4ff3-a8b7-49a6-be1d-b3b1b54143f5,47,2,0,51774.19,5,1,3465.71,5199.12,0
2ba329ea-cfc4-4042-9c82-393f80845257,52,2,2,154283.59,3,0,857.06,7780.24,0
0240633c-f29d-42fe-81b3-9b1ebb185814,77,2,2,102761.14,3,1,4340.55,7931.47,2
dd2b18e0-692f-43cd-b01f-a788831fafb0,57,0,2,162031.61,5,0,3650.32,5883.94,2
9d33a04c-3f2f-421a-be57-296b508b4eb4,61,1,0,117547.05,6,0,2826.88,7310.66,2
5b16c15b-e1ce-411f-8a08-34e60543d0b8,47,1,2,61881.15,7,1,1506.03,8479.23,2
ea9347df-e315-4e2c-b256-12c11fd87088,76,1,2,68086.88,7,1,4810.26,542.26,2
faedaa3a-bb0a-4e9d-8759-dfa17b5b48a5,40,0,0,36811.07,8,1,1401.95,9962.41,2
9417680b-a9a1-4eb4-a23c-508ef775054d,65,2,3,127996.9,3,0,4376.36,1777.46,1
b362d08c-113e-4a25-a09d-b3f2e596c090,36,1,3,162185.71,7,1,4158.44,168.04,2
01b4e381-18c8-4c34-8dc5-1bb6e72dc4ee,68,2,2,191899.18,4,0,4659.77,466.21,0
2d260134-b1ef-4389-bcb3-0d93462737d8,40,0,3,36461.51,0,1,1777.11,9971.25,0
28a28d5b-44e2-4d30-9f73-df57eba6a1bb,76,1,1,199999.61,2,0,3842.36,8061.55,0
b99ce4de-0dbe-44eb-a348-a8c682254fac,29,1,2,85189.26,1,0,4248.86,5892.75,2
92627b86-7526-4fea-bea9-ea859c4f3b23,37,2,1,149673.26,2,1,2816.02,729.03,1
a2165dc9-97ee-440b-8a2e-388d65676f89,32,0,0,141227.0,10,0,2529.64,1354.24,1
